:START_ID|:END_ID|:TYPE|order:int
#1|#1_0|IDENTIFICATION|0
#1|#1_1|NAME|1
#1|#1_2|DESCRIPTION|2
#1|#1_3|ROLES|3
#1|#1_4|ADDRESSES|4
#5|#1|APPLICATIONDEVELOPER|0
#5|#5_1|VERSION|1
#5|#5_2|APPLICATIONFULLNAME|2
#5|#5_3|APPLICATIONIDENTIFIER|3
#6|#6_0|COORDINATES|0
#10|#10_0|COORDINATES|0
#12|#12_0|DIRECTIONRATIOS|0
#14|#14_0|DIRECTIONRATIOS|0
#16|#16_0|DIRECTIONRATIOS|0
#18|#18_0|DIRECTIONRATIOS|0
#20|#20_0|DIRECTIONRATIOS|0
#22|#22_0|DIRECTIONRATIOS|0
#24|#24_0|DIRECTIONRATIOS|0
#26|#26_0|DIRECTIONRATIOS|0
#28|#28_0|DIRECTIONRATIOS|0
#30|#30_0|DIRECTIONRATIOS|0
#32|#6|LOCATION|0
#32|#32_1|AXIS|1
#32|#32_2|REFDIRECTION|2
#33|#158|PLACEMENTRELTO|0
#33|#32|RELATIVEPLACEMENT|1
#36|#36_0|IDENTIFICATION|0
#36|#36_1|FAMILYNAME|1
#36|#36_2|GIVENNAME|2
#36|#36_3|MIDDLENAMES|3
#36|#36_4|PREFIXTITLES|4
#36|#36_5|SUFFIXTITLES|5
#36|#36_6|ROLES|6
#36|#36_7|ADDRESSES|7
#38|#38_0|IDENTIFICATION|0
#38|#38_1|NAME|1
#38|#38_2|DESCRIPTION|2
#38|#38_3|ROLES|3
#38|#38_4|ADDRESSES|4
#39|#36|THEPERSON|0
#39|#38|THEORGANIZATION|1
#39|#39_2|ROLES|2
#42|#39|OWNINGUSER|0
#42|#5|OWNINGAPPLICATION|1
#42|#42_2|STATE|2
#42|#42_3|CHANGEACTION|3
#42|#42_4|LASTMODIFIEDDATE|4
#42|#42_5|LASTMODIFYINGUSER|5
#42|#42_6|LASTMODIFYINGAPPLICATION|6
#42|#42_7|CREATIONDATE|7
#43|#43_0|DIMENSIONS|0
#43|#43_1|UNITTYPE|1
#43|#43_2|PREFIX|2
#43|#43_3|NAME|3
#44|#44_0|DIMENSIONS|0
#44|#44_1|UNITTYPE|1
#44|#44_2|PREFIX|2
#44|#44_3|NAME|3
#45|#45_0|DIMENSIONS|0
#45|#45_1|UNITTYPE|1
#45|#45_2|PREFIX|2
#45|#45_3|NAME|3
#46|#46_0|DIMENSIONS|0
#46|#46_1|UNITTYPE|1
#46|#46_2|PREFIX|2
#46|#46_3|NAME|3
#47|#47_0|DIMENSIONS|0
#47|#47_1|UNITTYPE|1
#47|#47_2|PREFIX|2
#47|#47_3|NAME|3
#48|#48_0|LENGTHEXPONENT|0
#48|#48_1|MASSEXPONENT|1
#48|#48_2|TIMEEXPONENT|2
#48|#48_3|ELECTRICCURRENTEXPONENT|3
#48|#48_4|THERMODYNAMICTEMPERATUREEXPONENT|4
#48|#48_5|AMOUNTOFSUBSTANCEEXPONENT|5
#48|#48_6|LUMINOUSINTENSITYEXPONENT|6
#49|#49_0|VALUECOMPONENT|0
#49|#47|UNITCOMPONENT|1
#50|#48|DIMENSIONS|0
#50|#50_1|UNITTYPE|1
#50|#50_2|NAME|2
#50|#49|CONVERSIONFACTOR|3
#52|#52_0|DIMENSIONS|0
#52|#52_1|UNITTYPE|1
#52|#52_2|PREFIX|2
#52|#52_3|NAME|3
#53|#52|UNIT|0
#53|#53_1|EXPONENT|1
#54|#44|UNIT|0
#54|#54_1|EXPONENT|1
#55|#55_0|ELEMENTS|0
#55_0|#53|ELEMENTS|0
#55_0|#54|ELEMENTS|1
#55|#55_1|UNITTYPE|1
#55|#55_2|USERDEFINEDTYPE|2
#57|#44|UNIT|0
#57|#57_1|EXPONENT|1
#58|#58_0|ELEMENTS|0
#58_0|#57|ELEMENTS|0
#58|#58_1|UNITTYPE|1
#58|#58_2|USERDEFINEDTYPE|2
#60|#60_0|DIMENSIONS|0
#60|#60_1|UNITTYPE|1
#60|#60_2|PREFIX|2
#60|#60_3|NAME|3
#61|#61_0|DIMENSIONS|0
#61|#61_1|UNITTYPE|1
#61|#61_2|PREFIX|2
#61|#61_3|NAME|3
#62|#62_0|DIMENSIONS|0
#62|#62_1|UNITTYPE|1
#62|#62_2|PREFIX|2
#62|#62_3|NAME|3
#63|#63_0|DIMENSIONS|0
#63|#63_1|UNITTYPE|1
#63|#63_2|PREFIX|2
#63|#63_3|NAME|3
#64|#52|UNIT|0
#64|#64_1|EXPONENT|1
#65|#62|UNIT|0
#65|#65_1|EXPONENT|1
#66|#60|UNIT|0
#66|#66_1|EXPONENT|1
#67|#67_0|ELEMENTS|0
#67_0|#64|ELEMENTS|0
#67_0|#65|ELEMENTS|1
#67_0|#66|ELEMENTS|2
#67|#67_1|UNITTYPE|1
#67|#67_2|USERDEFINEDTYPE|2
#69|#69_0|DIMENSIONS|0
#69|#69_1|UNITTYPE|1
#69|#69_2|PREFIX|2
#69|#69_3|NAME|3
#70|#44|UNIT|0
#70|#70_1|EXPONENT|1
#71|#60|UNIT|0
#71|#71_1|EXPONENT|1
#72|#72_0|ELEMENTS|0
#72_0|#70|ELEMENTS|0
#72_0|#71|ELEMENTS|1
#72|#72_1|UNITTYPE|1
#72|#72_2|USERDEFINEDTYPE|2
#74|#74_0|DIMENSIONS|0
#74|#74_1|UNITTYPE|1
#74|#74_2|PREFIX|2
#74|#74_3|NAME|3
#75|#75_0|DIMENSIONS|0
#75|#75_1|UNITTYPE|1
#75|#75_2|PREFIX|2
#75|#75_3|NAME|3
#76|#76_0|DIMENSIONS|0
#76|#76_1|UNITTYPE|1
#76|#76_2|PREFIX|2
#76|#76_3|NAME|3
#77|#77_0|DIMENSIONS|0
#77|#77_1|UNITTYPE|1
#77|#77_2|PREFIX|2
#77|#77_3|NAME|3
#78|#78_0|DIMENSIONS|0
#78|#78_1|UNITTYPE|1
#78|#78_2|PREFIX|2
#78|#78_3|NAME|3
#79|#79_0|DIMENSIONS|0
#79|#79_1|UNITTYPE|1
#79|#79_2|PREFIX|2
#79|#79_3|NAME|3
#80|#80_0|DIMENSIONS|0
#80|#80_1|UNITTYPE|1
#80|#80_2|PREFIX|2
#80|#80_3|NAME|3
#81|#52|UNIT|0
#81|#81_1|EXPONENT|1
#82|#44|UNIT|0
#82|#82_1|EXPONENT|1
#83|#60|UNIT|0
#83|#83_1|EXPONENT|1
#84|#79|UNIT|0
#84|#84_1|EXPONENT|1
#85|#85_0|ELEMENTS|0
#85_0|#81|ELEMENTS|0
#85_0|#82|ELEMENTS|1
#85_0|#83|ELEMENTS|2
#85_0|#84|ELEMENTS|3
#85|#85_1|UNITTYPE|1
#85|#85_2|USERDEFINEDTYPE|2
#87|#44|UNIT|0
#87|#87_1|EXPONENT|1
#88|#60|UNIT|0
#88|#88_1|EXPONENT|1
#89|#89_0|ELEMENTS|0
#89_0|#87|ELEMENTS|0
#89_0|#88|ELEMENTS|1
#89|#89_1|UNITTYPE|1
#89|#89_2|USERDEFINEDTYPE|2
#91|#91_0|DIMENSIONS|0
#91|#91_1|UNITTYPE|1
#91|#91_2|PREFIX|2
#91|#91_3|NAME|3
#92|#44|UNIT|0
#92|#92_1|EXPONENT|1
#93|#52|UNIT|0
#93|#93_1|EXPONENT|1
#94|#60|UNIT|0
#94|#94_1|EXPONENT|1
#95|#95_0|ELEMENTS|0
#95_0|#92|ELEMENTS|0
#95_0|#93|ELEMENTS|1
#95_0|#94|ELEMENTS|2
#95|#95_1|UNITTYPE|1
#95|#95_2|USERDEFINEDTYPE|2
#97|#52|UNIT|0
#97|#97_1|EXPONENT|1
#98|#44|UNIT|0
#98|#98_1|EXPONENT|1
#99|#60|UNIT|0
#99|#99_1|EXPONENT|1
#100|#44|UNIT|0
#100|#100_1|EXPONENT|1
#101|#101_0|ELEMENTS|0
#101_0|#97|ELEMENTS|0
#101_0|#98|ELEMENTS|1
#101_0|#99|ELEMENTS|2
#101_0|#100|ELEMENTS|3
#101|#101_1|UNITTYPE|1
#101|#101_2|USERDEFINEDTYPE|2
#103|#52|UNIT|0
#103|#103_1|EXPONENT|1
#104|#44|UNIT|0
#104|#104_1|EXPONENT|1
#105|#60|UNIT|0
#105|#105_1|EXPONENT|1
#106|#44|UNIT|0
#106|#106_1|EXPONENT|1
#107|#107_0|ELEMENTS|0
#107_0|#103|ELEMENTS|0
#107_0|#104|ELEMENTS|1
#107_0|#105|ELEMENTS|2
#107_0|#106|ELEMENTS|3
#107|#107_1|UNITTYPE|1
#107|#107_2|USERDEFINEDTYPE|2
#109|#109_0|UNITS|0
#109_0|#43|UNITS|0
#109_0|#45|UNITS|1
#109_0|#46|UNITS|2
#109_0|#50|UNITS|3
#109_0|#52|UNITS|4
#109_0|#55|UNITS|5
#109_0|#58|UNITS|6
#109_0|#60|UNITS|7
#109_0|#61|UNITS|8
#109_0|#63|UNITS|9
#109_0|#67|UNITS|10
#109_0|#72|UNITS|11
#109_0|#74|UNITS|12
#109_0|#75|UNITS|13
#109_0|#76|UNITS|14
#109_0|#77|UNITS|15
#109_0|#78|UNITS|16
#109_0|#79|UNITS|17
#109_0|#80|UNITS|18
#109_0|#85|UNITS|19
#109_0|#89|UNITS|20
#109_0|#91|UNITS|21
#109_0|#95|UNITS|22
#109_0|#101|UNITS|23
#109_0|#107|UNITS|24
#111|#6|LOCATION|0
#111|#111_1|AXIS|1
#111|#111_2|REFDIRECTION|2
#112|#112_0|DIRECTIONRATIOS|0
#114|#114_0|CONTEXTIDENTIFIER|0
#114|#114_1|CONTEXTTYPE|1
#114|#114_2|COORDINATESPACEDIMENSION|2
#114|#114_3|PRECISION|3
#114|#111|WORLDCOORDINATESYSTEM|4
#114|#112|TRUENORTH|5
#118|#118_0|CONTEXTIDENTIFIER|0
#118|#118_1|CONTEXTTYPE|1
#118|#118_2|COORDINATESPACEDIMENSION|2
#118|#118_3|PRECISION|3
#118|#118_4|WORLDCOORDINATESYSTEM|4
#118|#118_5|TRUENORTH|5
#118|#114|PARENTCONTEXT|6
#118|#118_7|TARGETSCALE|7
#118|#118_8|TARGETVIEW|8
#118|#118_9|USERDEFINEDTARGETVIEW|9
#120|#120_0|CONTEXTIDENTIFIER|0
#120|#120_1|CONTEXTTYPE|1
#120|#120_2|COORDINATESPACEDIMENSION|2
#120|#120_3|PRECISION|3
#120|#120_4|WORLDCOORDINATESYSTEM|4
#120|#120_5|TRUENORTH|5
#120|#114|PARENTCONTEXT|6
#120|#120_7|TARGETSCALE|7
#120|#120_8|TARGETVIEW|8
#120|#120_9|USERDEFINEDTARGETVIEW|9
#121|#121_0|CONTEXTIDENTIFIER|0
#121|#121_1|CONTEXTTYPE|1
#121|#121_2|COORDINATESPACEDIMENSION|2
#121|#121_3|PRECISION|3
#121|#121_4|WORLDCOORDINATESYSTEM|4
#121|#121_5|TRUENORTH|5
#121|#114|PARENTCONTEXT|6
#121|#121_7|TARGETSCALE|7
#121|#121_8|TARGETVIEW|8
#121|#121_9|USERDEFINEDTARGETVIEW|9
#122|#122_0|CONTEXTIDENTIFIER|0
#122|#122_1|CONTEXTTYPE|1
#122|#122_2|COORDINATESPACEDIMENSION|2
#122|#122_3|PRECISION|3
#122|#122_4|WORLDCOORDINATESYSTEM|4
#122|#122_5|TRUENORTH|5
#122|#114|PARENTCONTEXT|6
#122|#122_7|TARGETSCALE|7
#122|#122_8|TARGETVIEW|8
#122|#122_9|USERDEFINEDTARGETVIEW|9
#123|#123_0|NAME|0
#123|#123_1|DESCRIPTION|1
#123|#123_2|GEODETICDATUM|2
#123|#123_3|VERTICALDATUM|3
#123|#123_4|MAPPROJECTION|4
#123|#123_5|MAPZONE|5
#123|#123_6|MAPUNIT|6
#125|#114|SOURCECRS|0
#125|#123|TARGETCRS|1
#125|#125_2|EASTINGS|2
#125|#125_3|NORTHINGS|3
#125|#125_4|ORTHOGONALHEIGHT|4
#125|#125_5|XAXISABSCISSA|5
#125|#125_6|XAXISORDINATE|6
#125|#125_7|SCALE|7
#127|#42|OwnerHistory|1
#127|#127_4|OBJECTTYPE|4
#127|#127_5|LONGNAME|5
#127|#127_6|PHASE|6
#127|#127_7|REPRESENTATIONCONTEXTS|7
#127_7|#114|REPRESENTATIONCONTEXTS|0
#127|#109|UNITSINCONTEXT|8
#138|#138_0|PURPOSE|0
#138|#138_1|DESCRIPTION|1
#138|#138_2|USERDEFINEDPURPOSE|2
#138|#138_3|INTERNALLOCATION|3
#138|#138_4|ADDRESSLINES|4
#138|#138_5|POSTALBOX|5
#138|#138_6|TOWN|6
#138|#138_7|REGION|7
#138|#138_8|POSTALCODE|8
#138|#138_9|COUNTRY|9
#142|#42|OwnerHistory|1
#142|#142_4|OBJECTTYPE|4
#142|#33|OBJECTPLACEMENT|5
#142|#142_6|REPRESENTATION|6
#142|#142_7|LONGNAME|7
#142|#142_8|COMPOSITIONTYPE|8
#142|#142_9|ELEVATIONOFREFHEIGHT|9
#142|#142_10|ELEVATIONOFTERRAIN|10
#142|#138|BUILDINGADDRESS|11
#152|#6|LOCATION|0
#152|#152_1|AXIS|1
#152|#152_2|REFDIRECTION|2
#153|#33|PLACEMENTRELTO|0
#153|#152|RELATIVEPLACEMENT|1
#155|#42|OwnerHistory|1
#155|#155_4|OBJECTTYPE|4
#155|#153|OBJECTPLACEMENT|5
#155|#155_6|REPRESENTATION|6
#155|#155_7|LONGNAME|7
#155|#155_8|COMPOSITIONTYPE|8
#155|#155_9|ELEVATION|9
#157|#6|LOCATION|0
#157|#157_1|AXIS|1
#157|#157_2|REFDIRECTION|2
#158|#158_0|PLACEMENTRELTO|0
#158|#157|RELATIVEPLACEMENT|1
#159|#42|OwnerHistory|1
#159|#159_4|OBJECTTYPE|4
#159|#158|OBJECTPLACEMENT|5
#159|#159_6|REPRESENTATION|6
#159|#159_7|LONGNAME|7
#159|#159_8|COMPOSITIONTYPE|8
#159|#159_9|REFLATITUDE|9
#159|#159_10|REFLONGITUDE|10
#159|#159_11|REFELEVATION|11
#159|#159_12|LANDTITLENUMBER|12
#159|#159_13|SITEADDRESS|13
#163|#163_0|NAME|0
#163|#163_1|DESCRIPTION|1
#163|#163_2|NOMINALVALUE|2
#163|#163_3|UNIT|3
#171|#42|OwnerHistory|1
#171|#171_4|HASPROPERTIES|4
#171_4|#163|HASPROPERTIES|0
#179|#42|OwnerHistory|1
#179|#179_4|RELATEDOBJECTS|4
#179_4|#159|RELATEDOBJECTS|0
#179|#171|RELATINGPROPERTYDEFINITION|5
#183|#183_0|NAME|0
#183|#183_1|DESCRIPTION|1
#183|#183_2|NOMINALVALUE|2
#183|#183_3|UNIT|3
#184|#42|OwnerHistory|1
#184|#184_4|HASPROPERTIES|4
#184_4|#183|HASPROPERTIES|0
#187|#42|OwnerHistory|1
#187|#187_4|RELATEDOBJECTS|4
#187_4|#159|RELATEDOBJECTS|0
#187|#184|RELATINGPROPERTYDEFINITION|5
#190|#6|LOCATION|0
#190|#190_1|AXIS|1
#190|#190_2|REFDIRECTION|2
#1185|#1185_0|NAME|0
#1185|#1185_1|DESCRIPTION|1
#1185|#1185_2|ASSIGNEDITEMS|2
#1185_2|#772|ASSIGNEDITEMS|0
#1185_2|#801|ASSIGNEDITEMS|1
#1185_2|#936|ASSIGNEDITEMS|2
#1185_2|#945|ASSIGNEDITEMS|3
#1185|#1185_3|IDENTIFIER|3
#192|#192_0|COORDINATES|0
#194|#192|VERTEXGEOMETRY|0
#195|#195_0|COORDINATES|0
#197|#195|VERTEXGEOMETRY|0
#198|#20|ORIENTATION|0
#198|#198_1|MAGNITUDE|1
#199|#192|PNT|0
#199|#198|DIR|1
#200|#199|BASISCURVE|0
#200|#200_1|TRIM1|1
#200_1|#192|TRIM1|0
#200|#200_2|TRIM2|2
#200_2|#195|TRIM2|0
#200|#200_3|SENSEAGREEMENT|3
#200|#200_4|MASTERREPRESENTATION|4
#203|#194|EDGESTART|0
#203|#197|EDGEEND|1
#203|#200|EDGEGEOMETRY|2
#203|#203_3|SAMESENSE|3
#204|#204_0|COORDINATES|0
#206|#204|VERTEXGEOMETRY|0
#207|#207_0|DIRECTIONRATIOS|0
#209|#207|ORIENTATION|0
#209|#209_1|MAGNITUDE|1
#210|#195|PNT|0
#210|#209|DIR|1
#211|#210|BASISCURVE|0
#211|#211_1|TRIM1|1
#211_1|#195|TRIM1|0
#211|#211_2|TRIM2|2
#211_2|#204|TRIM2|0
#211|#211_3|SENSEAGREEMENT|3
#211|#211_4|MASTERREPRESENTATION|4
#214|#197|EDGESTART|0
#214|#206|EDGEEND|1
#214|#211|EDGEGEOMETRY|2
#214|#214_3|SAMESENSE|3
#215|#215_0|COORDINATES|0
#217|#215|VERTEXGEOMETRY|0
#218|#22|ORIENTATION|0
#218|#218_1|MAGNITUDE|1
#219|#204|PNT|0
#219|#218|DIR|1
#220|#219|BASISCURVE|0
#220|#220_1|TRIM1|1
#220_1|#204|TRIM1|0
#220|#220_2|TRIM2|2
#220_2|#215|TRIM2|0
#220|#220_3|SENSEAGREEMENT|3
#220|#220_4|MASTERREPRESENTATION|4
#223|#206|EDGESTART|0
#223|#217|EDGEEND|1
#223|#220|EDGEGEOMETRY|2
#223|#223_3|SAMESENSE|3
#224|#224_0|DIRECTIONRATIOS|0
#226|#224|ORIENTATION|0
#226|#226_1|MAGNITUDE|1
#227|#215|PNT|0
#227|#226|DIR|1
#228|#227|BASISCURVE|0
#228|#228_1|TRIM1|1
#228_1|#215|TRIM1|0
#228|#228_2|TRIM2|2
#228_2|#192|TRIM2|0
#228|#228_3|SENSEAGREEMENT|3
#228|#228_4|MASTERREPRESENTATION|4
#231|#217|EDGESTART|0
#231|#194|EDGEEND|1
#231|#228|EDGEGEOMETRY|2
#231|#231_3|SAMESENSE|3
#232|#232_0|COORDINATES|0
#234|#232|VERTEXGEOMETRY|0
#235|#235_0|DIRECTIONRATIOS|0
#237|#235|ORIENTATION|0
#237|#237_1|MAGNITUDE|1
#238|#195|PNT|0
#238|#237|DIR|1
#239|#238|BASISCURVE|0
#239|#239_1|TRIM1|1
#239_1|#195|TRIM1|0
#239|#239_2|TRIM2|2
#239_2|#232|TRIM2|0
#239|#239_3|SENSEAGREEMENT|3
#239|#239_4|MASTERREPRESENTATION|4
#242|#197|EDGESTART|0
#242|#234|EDGEEND|1
#242|#239|EDGEGEOMETRY|2
#242|#242_3|SAMESENSE|3
#243|#243_0|COORDINATES|0
#245|#243|VERTEXGEOMETRY|0
#246|#246_0|DIRECTIONRATIOS|0
#248|#246|ORIENTATION|0
#248|#248_1|MAGNITUDE|1
#249|#232|PNT|0
#249|#248|DIR|1
#250|#249|BASISCURVE|0
#250|#250_1|TRIM1|1
#250_1|#232|TRIM1|0
#250|#250_2|TRIM2|2
#250_2|#243|TRIM2|0
#250|#250_3|SENSEAGREEMENT|3
#250|#250_4|MASTERREPRESENTATION|4
#253|#234|EDGESTART|0
#253|#245|EDGEEND|1
#253|#250|EDGEGEOMETRY|2
#253|#253_3|SAMESENSE|3
#254|#254_0|DIRECTIONRATIOS|0
#256|#254|ORIENTATION|0
#256|#256_1|MAGNITUDE|1
#257|#243|PNT|0
#257|#256|DIR|1
#258|#257|BASISCURVE|0
#258|#258_1|TRIM1|1
#258_1|#243|TRIM1|0
#258|#258_2|TRIM2|2
#258_2|#204|TRIM2|0
#258|#258_3|SENSEAGREEMENT|3
#258|#258_4|MASTERREPRESENTATION|4
#261|#245|EDGESTART|0
#261|#206|EDGEEND|1
#261|#258|EDGEGEOMETRY|2
#261|#261_3|SAMESENSE|3
#262|#262_0|COORDINATES|0
#264|#262|VERTEXGEOMETRY|0
#265|#22|ORIENTATION|0
#265|#265_1|MAGNITUDE|1
#266|#232|PNT|0
#266|#265|DIR|1
#267|#266|BASISCURVE|0
#267|#267_1|TRIM1|1
#267_1|#232|TRIM1|0
#267|#267_2|TRIM2|2
#267_2|#262|TRIM2|0
#267|#267_3|SENSEAGREEMENT|3
#267|#267_4|MASTERREPRESENTATION|4
#270|#234|EDGESTART|0
#270|#264|EDGEEND|1
#270|#267|EDGEGEOMETRY|2
#270|#270_3|SAMESENSE|3
#271|#271_0|COORDINATES|0
#273|#271|VERTEXGEOMETRY|0
#274|#274_0|DIRECTIONRATIOS|0
#276|#274|ORIENTATION|0
#276|#276_1|MAGNITUDE|1
#277|#262|PNT|0
#277|#276|DIR|1
#278|#277|BASISCURVE|0
#278|#278_1|TRIM1|1
#278_1|#262|TRIM1|0
#278|#278_2|TRIM2|2
#278_2|#271|TRIM2|0
#278|#278_3|SENSEAGREEMENT|3
#278|#278_4|MASTERREPRESENTATION|4
#281|#264|EDGESTART|0
#281|#273|EDGEEND|1
#281|#278|EDGEGEOMETRY|2
#281|#281_3|SAMESENSE|3
#282|#20|ORIENTATION|0
#282|#282_1|MAGNITUDE|1
#283|#271|PNT|0
#283|#282|DIR|1
#284|#283|BASISCURVE|0
#284|#284_1|TRIM1|1
#284_1|#271|TRIM1|0
#284|#284_2|TRIM2|2
#284_2|#243|TRIM2|0
#284|#284_3|SENSEAGREEMENT|3
#284|#284_4|MASTERREPRESENTATION|4
#287|#273|EDGESTART|0
#287|#245|EDGEEND|1
#287|#284|EDGEGEOMETRY|2
#287|#287_3|SAMESENSE|3
#288|#288_0|COORDINATES|0
#290|#288|VERTEXGEOMETRY|0
#291|#291_0|DIRECTIONRATIOS|0
#293|#291|ORIENTATION|0
#293|#293_1|MAGNITUDE|1
#294|#262|PNT|0
#294|#293|DIR|1
#295|#294|BASISCURVE|0
#295|#295_1|TRIM1|1
#295_1|#262|TRIM1|0
#295|#295_2|TRIM2|2
#295_2|#288|TRIM2|0
#295|#295_3|SENSEAGREEMENT|3
#295|#295_4|MASTERREPRESENTATION|4
#298|#264|EDGESTART|0
#298|#290|EDGEEND|1
#298|#295|EDGEGEOMETRY|2
#298|#298_3|SAMESENSE|3
#299|#299_0|COORDINATES|0
#301|#299|VERTEXGEOMETRY|0
#302|#302_0|DIRECTIONRATIOS|0
#304|#302|ORIENTATION|0
#304|#304_1|MAGNITUDE|1
#305|#288|PNT|0
#305|#304|DIR|1
#306|#305|BASISCURVE|0
#306|#306_1|TRIM1|1
#306_1|#288|TRIM1|0
#306|#306_2|TRIM2|2
#306_2|#299|TRIM2|0
#306|#306_3|SENSEAGREEMENT|3
#306|#306_4|MASTERREPRESENTATION|4
#309|#290|EDGESTART|0
#309|#301|EDGEEND|1
#309|#306|EDGEGEOMETRY|2
#309|#309_3|SAMESENSE|3
#310|#310_0|DIRECTIONRATIOS|0
#312|#310|ORIENTATION|0
#312|#312_1|MAGNITUDE|1
#313|#299|PNT|0
#313|#312|DIR|1
#314|#313|BASISCURVE|0
#314|#314_1|TRIM1|1
#314_1|#299|TRIM1|0
#314|#314_2|TRIM2|2
#314_2|#271|TRIM2|0
#314|#314_3|SENSEAGREEMENT|3
#314|#314_4|MASTERREPRESENTATION|4
#317|#301|EDGESTART|0
#317|#273|EDGEEND|1
#317|#314|EDGEGEOMETRY|2
#317|#317_3|SAMESENSE|3
#318|#318_0|COORDINATES|0
#320|#318|VERTEXGEOMETRY|0
#321|#22|ORIENTATION|0
#321|#321_1|MAGNITUDE|1
#322|#288|PNT|0
#322|#321|DIR|1
#323|#322|BASISCURVE|0
#323|#323_1|TRIM1|1
#323_1|#288|TRIM1|0
#323|#323_2|TRIM2|2
#323_2|#318|TRIM2|0
#323|#323_3|SENSEAGREEMENT|3
#323|#323_4|MASTERREPRESENTATION|4
#326|#290|EDGESTART|0
#326|#320|EDGEEND|1
#326|#323|EDGEGEOMETRY|2
#326|#326_3|SAMESENSE|3
#327|#327_0|COORDINATES|0
#329|#327|VERTEXGEOMETRY|0
#330|#330_0|DIRECTIONRATIOS|0
#332|#330|ORIENTATION|0
#332|#332_1|MAGNITUDE|1
#333|#318|PNT|0
#333|#332|DIR|1
#334|#333|BASISCURVE|0
#334|#334_1|TRIM1|1
#334_1|#318|TRIM1|0
#334|#334_2|TRIM2|2
#334_2|#327|TRIM2|0
#334|#334_3|SENSEAGREEMENT|3
#334|#334_4|MASTERREPRESENTATION|4
#337|#320|EDGESTART|0
#337|#329|EDGEEND|1
#337|#334|EDGEGEOMETRY|2
#337|#337_3|SAMESENSE|3
#338|#20|ORIENTATION|0
#338|#338_1|MAGNITUDE|1
#339|#327|PNT|0
#339|#338|DIR|1
#340|#339|BASISCURVE|0
#340|#340_1|TRIM1|1
#340_1|#327|TRIM1|0
#340|#340_2|TRIM2|2
#340_2|#299|TRIM2|0
#340|#340_3|SENSEAGREEMENT|3
#340|#340_4|MASTERREPRESENTATION|4
#343|#329|EDGESTART|0
#343|#301|EDGEEND|1
#343|#340|EDGEGEOMETRY|2
#343|#343_3|SAMESENSE|3
#344|#344_0|COORDINATES|0
#346|#344|VERTEXGEOMETRY|0
#347|#347_0|DIRECTIONRATIOS|0
#349|#347|ORIENTATION|0
#349|#349_1|MAGNITUDE|1
#350|#318|PNT|0
#350|#349|DIR|1
#351|#350|BASISCURVE|0
#351|#351_1|TRIM1|1
#351_1|#318|TRIM1|0
#351|#351_2|TRIM2|2
#351_2|#344|TRIM2|0
#351|#351_3|SENSEAGREEMENT|3
#351|#351_4|MASTERREPRESENTATION|4
#354|#320|EDGESTART|0
#354|#346|EDGEEND|1
#354|#351|EDGEGEOMETRY|2
#354|#354_3|SAMESENSE|3
#355|#355_0|COORDINATES|0
#357|#355|VERTEXGEOMETRY|0
#358|#358_0|DIRECTIONRATIOS|0
#360|#358|ORIENTATION|0
#360|#360_1|MAGNITUDE|1
#361|#344|PNT|0
#361|#360|DIR|1
#362|#361|BASISCURVE|0
#362|#362_1|TRIM1|1
#362_1|#344|TRIM1|0
#362|#362_2|TRIM2|2
#362_2|#355|TRIM2|0
#362|#362_3|SENSEAGREEMENT|3
#362|#362_4|MASTERREPRESENTATION|4
#365|#346|EDGESTART|0
#365|#357|EDGEEND|1
#365|#362|EDGEGEOMETRY|2
#365|#365_3|SAMESENSE|3
#366|#366_0|DIRECTIONRATIOS|0
#368|#366|ORIENTATION|0
#368|#368_1|MAGNITUDE|1
#369|#355|PNT|0
#369|#368|DIR|1
#370|#369|BASISCURVE|0
#370|#370_1|TRIM1|1
#370_1|#355|TRIM1|0
#370|#370_2|TRIM2|2
#370_2|#327|TRIM2|0
#370|#370_3|SENSEAGREEMENT|3
#370|#370_4|MASTERREPRESENTATION|4
#373|#357|EDGESTART|0
#373|#329|EDGEEND|1
#373|#370|EDGEGEOMETRY|2
#373|#373_3|SAMESENSE|3
#374|#374_0|COORDINATES|0
#376|#374|VERTEXGEOMETRY|0
#377|#22|ORIENTATION|0
#377|#377_1|MAGNITUDE|1
#378|#344|PNT|0
#378|#377|DIR|1
#379|#378|BASISCURVE|0
#379|#379_1|TRIM1|1
#379_1|#344|TRIM1|0
#379|#379_2|TRIM2|2
#379_2|#374|TRIM2|0
#379|#379_3|SENSEAGREEMENT|3
#379|#379_4|MASTERREPRESENTATION|4
#382|#346|EDGESTART|0
#382|#376|EDGEEND|1
#382|#379|EDGEGEOMETRY|2
#382|#382_3|SAMESENSE|3
#383|#383_0|COORDINATES|0
#385|#383|VERTEXGEOMETRY|0
#386|#386_0|DIRECTIONRATIOS|0
#388|#386|ORIENTATION|0
#388|#388_1|MAGNITUDE|1
#389|#374|PNT|0
#389|#388|DIR|1
#390|#389|BASISCURVE|0
#390|#390_1|TRIM1|1
#390_1|#374|TRIM1|0
#390|#390_2|TRIM2|2
#390_2|#383|TRIM2|0
#390|#390_3|SENSEAGREEMENT|3
#390|#390_4|MASTERREPRESENTATION|4
#393|#376|EDGESTART|0
#393|#385|EDGEEND|1
#393|#390|EDGEGEOMETRY|2
#393|#393_3|SAMESENSE|3
#394|#20|ORIENTATION|0
#394|#394_1|MAGNITUDE|1
#395|#383|PNT|0
#395|#394|DIR|1
#396|#395|BASISCURVE|0
#396|#396_1|TRIM1|1
#396_1|#383|TRIM1|0
#396|#396_2|TRIM2|2
#396_2|#355|TRIM2|0
#396|#396_3|SENSEAGREEMENT|3
#396|#396_4|MASTERREPRESENTATION|4
#399|#385|EDGESTART|0
#399|#357|EDGEEND|1
#399|#396|EDGEGEOMETRY|2
#399|#399_3|SAMESENSE|3
#400|#400_0|COORDINATES|0
#402|#400|VERTEXGEOMETRY|0
#403|#403_0|DIRECTIONRATIOS|0
#405|#403|ORIENTATION|0
#405|#405_1|MAGNITUDE|1
#406|#374|PNT|0
#406|#405|DIR|1
#407|#406|BASISCURVE|0
#407|#407_1|TRIM1|1
#407_1|#374|TRIM1|0
#407|#407_2|TRIM2|2
#407_2|#400|TRIM2|0
#407|#407_3|SENSEAGREEMENT|3
#407|#407_4|MASTERREPRESENTATION|4
#410|#376|EDGESTART|0
#410|#402|EDGEEND|1
#410|#407|EDGEGEOMETRY|2
#410|#410_3|SAMESENSE|3
#411|#411_0|COORDINATES|0
#413|#411|VERTEXGEOMETRY|0
#414|#414_0|DIRECTIONRATIOS|0
#416|#414|ORIENTATION|0
#416|#416_1|MAGNITUDE|1
#417|#400|PNT|0
#417|#416|DIR|1
#418|#417|BASISCURVE|0
#418|#418_1|TRIM1|1
#418_1|#400|TRIM1|0
#418|#418_2|TRIM2|2
#418_2|#411|TRIM2|0
#418|#418_3|SENSEAGREEMENT|3
#418|#418_4|MASTERREPRESENTATION|4
#421|#402|EDGESTART|0
#421|#413|EDGEEND|1
#421|#418|EDGEGEOMETRY|2
#421|#421_3|SAMESENSE|3
#422|#422_0|DIRECTIONRATIOS|0
#424|#422|ORIENTATION|0
#424|#424_1|MAGNITUDE|1
#425|#411|PNT|0
#425|#424|DIR|1
#426|#425|BASISCURVE|0
#426|#426_1|TRIM1|1
#426_1|#411|TRIM1|0
#426|#426_2|TRIM2|2
#426_2|#383|TRIM2|0
#426|#426_3|SENSEAGREEMENT|3
#426|#426_4|MASTERREPRESENTATION|4
#429|#413|EDGESTART|0
#429|#385|EDGEEND|1
#429|#426|EDGEGEOMETRY|2
#429|#429_3|SAMESENSE|3
#430|#430_0|COORDINATES|0
#432|#430|VERTEXGEOMETRY|0
#433|#20|ORIENTATION|0
#433|#433_1|MAGNITUDE|1
#434|#400|PNT|0
#434|#433|DIR|1
#435|#434|BASISCURVE|0
#435|#435_1|TRIM1|1
#435_1|#400|TRIM1|0
#435|#435_2|TRIM2|2
#435_2|#430|TRIM2|0
#435|#435_3|SENSEAGREEMENT|3
#435|#435_4|MASTERREPRESENTATION|4
#438|#402|EDGESTART|0
#438|#432|EDGEEND|1
#438|#435|EDGEGEOMETRY|2
#438|#438_3|SAMESENSE|3
#439|#439_0|COORDINATES|0
#441|#439|VERTEXGEOMETRY|0
#442|#442_0|DIRECTIONRATIOS|0
#444|#442|ORIENTATION|0
#444|#444_1|MAGNITUDE|1
#445|#430|PNT|0
#445|#444|DIR|1
#446|#445|BASISCURVE|0
#446|#446_1|TRIM1|1
#446_1|#430|TRIM1|0
#446|#446_2|TRIM2|2
#446_2|#439|TRIM2|0
#446|#446_3|SENSEAGREEMENT|3
#446|#446_4|MASTERREPRESENTATION|4
#449|#432|EDGESTART|0
#449|#441|EDGEEND|1
#449|#446|EDGEGEOMETRY|2
#449|#449_3|SAMESENSE|3
#450|#22|ORIENTATION|0
#450|#450_1|MAGNITUDE|1
#451|#439|PNT|0
#451|#450|DIR|1
#452|#451|BASISCURVE|0
#452|#452_1|TRIM1|1
#452_1|#439|TRIM1|0
#452|#452_2|TRIM2|2
#452_2|#411|TRIM2|0
#452|#452_3|SENSEAGREEMENT|3
#452|#452_4|MASTERREPRESENTATION|4
#455|#441|EDGESTART|0
#455|#413|EDGEEND|1
#455|#452|EDGEGEOMETRY|2
#455|#455_3|SAMESENSE|3
#456|#456_0|COORDINATES|0
#458|#456|VERTEXGEOMETRY|0
#459|#459_0|DIRECTIONRATIOS|0
#461|#459|ORIENTATION|0
#461|#461_1|MAGNITUDE|1
#462|#430|PNT|0
#462|#461|DIR|1
#463|#462|BASISCURVE|0
#463|#463_1|TRIM1|1
#463_1|#430|TRIM1|0
#463|#463_2|TRIM2|2
#463_2|#456|TRIM2|0
#463|#463_3|SENSEAGREEMENT|3
#463|#463_4|MASTERREPRESENTATION|4
#466|#432|EDGESTART|0
#466|#458|EDGEEND|1
#466|#463|EDGEGEOMETRY|2
#466|#466_3|SAMESENSE|3
#467|#467_0|COORDINATES|0
#469|#467|VERTEXGEOMETRY|0
#470|#470_0|DIRECTIONRATIOS|0
#472|#470|ORIENTATION|0
#472|#472_1|MAGNITUDE|1
#473|#456|PNT|0
#473|#472|DIR|1
#474|#473|BASISCURVE|0
#474|#474_1|TRIM1|1
#474_1|#456|TRIM1|0
#474|#474_2|TRIM2|2
#474_2|#467|TRIM2|0
#474|#474_3|SENSEAGREEMENT|3
#474|#474_4|MASTERREPRESENTATION|4
#477|#458|EDGESTART|0
#477|#469|EDGEEND|1
#477|#474|EDGEGEOMETRY|2
#477|#477_3|SAMESENSE|3
#478|#478_0|DIRECTIONRATIOS|0
#480|#478|ORIENTATION|0
#480|#480_1|MAGNITUDE|1
#481|#467|PNT|0
#481|#480|DIR|1
#482|#481|BASISCURVE|0
#482|#482_1|TRIM1|1
#482_1|#467|TRIM1|0
#482|#482_2|TRIM2|2
#482_2|#439|TRIM2|0
#482|#482_3|SENSEAGREEMENT|3
#482|#482_4|MASTERREPRESENTATION|4
#485|#469|EDGESTART|0
#485|#441|EDGEEND|1
#485|#482|EDGEGEOMETRY|2
#485|#485_3|SAMESENSE|3
#486|#486_0|COORDINATES|0
#488|#486|VERTEXGEOMETRY|0
#489|#20|ORIENTATION|0
#489|#489_1|MAGNITUDE|1
#490|#456|PNT|0
#490|#489|DIR|1
#491|#490|BASISCURVE|0
#491|#491_1|TRIM1|1
#491_1|#456|TRIM1|0
#491|#491_2|TRIM2|2
#491_2|#486|TRIM2|0
#491|#491_3|SENSEAGREEMENT|3
#491|#491_4|MASTERREPRESENTATION|4
#494|#458|EDGESTART|0
#494|#488|EDGEEND|1
#494|#491|EDGEGEOMETRY|2
#494|#494_3|SAMESENSE|3
#495|#495_0|COORDINATES|0
#497|#495|VERTEXGEOMETRY|0
#498|#498_0|DIRECTIONRATIOS|0
#500|#498|ORIENTATION|0
#500|#500_1|MAGNITUDE|1
#501|#486|PNT|0
#501|#500|DIR|1
#502|#501|BASISCURVE|0
#502|#502_1|TRIM1|1
#502_1|#486|TRIM1|0
#502|#502_2|TRIM2|2
#502_2|#495|TRIM2|0
#502|#502_3|SENSEAGREEMENT|3
#502|#502_4|MASTERREPRESENTATION|4
#505|#488|EDGESTART|0
#505|#497|EDGEEND|1
#505|#502|EDGEGEOMETRY|2
#505|#505_3|SAMESENSE|3
#506|#22|ORIENTATION|0
#506|#506_1|MAGNITUDE|1
#507|#495|PNT|0
#507|#506|DIR|1
#508|#507|BASISCURVE|0
#508|#508_1|TRIM1|1
#508_1|#495|TRIM1|0
#508|#508_2|TRIM2|2
#508_2|#467|TRIM2|0
#508|#508_3|SENSEAGREEMENT|3
#508|#508_4|MASTERREPRESENTATION|4
#511|#497|EDGESTART|0
#511|#469|EDGEEND|1
#511|#508|EDGEGEOMETRY|2
#511|#511_3|SAMESENSE|3
#512|#512_0|DIRECTIONRATIOS|0
#514|#512|ORIENTATION|0
#514|#514_1|MAGNITUDE|1
#515|#486|PNT|0
#515|#514|DIR|1
#516|#515|BASISCURVE|0
#516|#516_1|TRIM1|1
#516_1|#486|TRIM1|0
#516|#516_2|TRIM2|2
#516_2|#192|TRIM2|0
#516|#516_3|SENSEAGREEMENT|3
#516|#516_4|MASTERREPRESENTATION|4
#519|#488|EDGESTART|0
#519|#194|EDGEEND|1
#519|#516|EDGEGEOMETRY|2
#519|#519_3|SAMESENSE|3
#520|#520_0|DIRECTIONRATIOS|0
#522|#520|ORIENTATION|0
#522|#522_1|MAGNITUDE|1
#523|#215|PNT|0
#523|#522|DIR|1
#524|#523|BASISCURVE|0
#524|#524_1|TRIM1|1
#524_1|#215|TRIM1|0
#524|#524_2|TRIM2|2
#524_2|#495|TRIM2|0
#524|#524_3|SENSEAGREEMENT|3
#524|#524_4|MASTERREPRESENTATION|4
#527|#217|EDGESTART|0
#527|#497|EDGEEND|1
#527|#524|EDGEGEOMETRY|2
#527|#527_3|SAMESENSE|3
#528|#528_0|EDGESTART|0
#528|#528_1|EDGEEND|1
#528|#203|EDGEELEMENT|2
#528|#528_3|ORIENTATION|3
#529|#529_0|EDGESTART|0
#529|#529_1|EDGEEND|1
#529|#214|EDGEELEMENT|2
#529|#529_3|ORIENTATION|3
#530|#530_0|EDGESTART|0
#530|#530_1|EDGEEND|1
#530|#223|EDGEELEMENT|2
#530|#530_3|ORIENTATION|3
#531|#531_0|EDGESTART|0
#531|#531_1|EDGEEND|1
#531|#231|EDGEELEMENT|2
#531|#531_3|ORIENTATION|3
#532|#532_0|EDGELIST|0
#532_0|#528|EDGELIST|0
#532_0|#529|EDGELIST|1
#532_0|#530|EDGELIST|2
#532_0|#531|EDGELIST|3
#534|#532|BOUND|0
#534|#534_1|ORIENTATION|1
#535|#535_0|COORDINATES|0
#537|#537_0|DIRECTIONRATIOS|0
#539|#535|LOCATION|0
#539|#537|AXIS|1
#539|#20|REFDIRECTION|2
#540|#539|POSITION|0
#541|#541_0|BOUNDS|0
#541_0|#534|BOUNDS|0
#541|#540|FACESURFACE|1
#541|#541_2|SAMESENSE|2
#544|#544_0|EDGESTART|0
#544|#544_1|EDGEEND|1
#544|#242|EDGEELEMENT|2
#544|#544_3|ORIENTATION|3
#545|#545_0|EDGESTART|0
#545|#545_1|EDGEEND|1
#545|#253|EDGEELEMENT|2
#545|#545_3|ORIENTATION|3
#546|#546_0|EDGESTART|0
#546|#546_1|EDGEEND|1
#546|#261|EDGEELEMENT|2
#546|#546_3|ORIENTATION|3
#547|#547_0|EDGESTART|0
#547|#547_1|EDGEEND|1
#547|#214|EDGEELEMENT|2
#547|#547_3|ORIENTATION|3
#548|#548_0|EDGELIST|0
#548_0|#544|EDGELIST|0
#548_0|#545|EDGELIST|1
#548_0|#546|EDGELIST|2
#548_0|#547|EDGELIST|3
#550|#548|BOUND|0
#550|#550_1|ORIENTATION|1
#551|#551_0|COORDINATES|0
#553|#553_0|DIRECTIONRATIOS|0
#555|#555_0|DIRECTIONRATIOS|0
#557|#551|LOCATION|0
#557|#553|AXIS|1
#557|#555|REFDIRECTION|2
#558|#557|POSITION|0
#559|#559_0|BOUNDS|0
#559_0|#550|BOUNDS|0
#559|#558|FACESURFACE|1
#559|#559_2|SAMESENSE|2
#561|#561_0|EDGESTART|0
#561|#561_1|EDGEEND|1
#561|#270|EDGEELEMENT|2
#561|#561_3|ORIENTATION|3
#562|#562_0|EDGESTART|0
#562|#562_1|EDGEEND|1
#562|#281|EDGEELEMENT|2
#562|#562_3|ORIENTATION|3
#563|#563_0|EDGESTART|0
#563|#563_1|EDGEEND|1
#563|#287|EDGEELEMENT|2
#563|#563_3|ORIENTATION|3
#564|#564_0|EDGESTART|0
#564|#564_1|EDGEEND|1
#564|#253|EDGEELEMENT|2
#564|#564_3|ORIENTATION|3
#565|#565_0|EDGELIST|0
#565_0|#561|EDGELIST|0
#565_0|#562|EDGELIST|1
#565_0|#563|EDGELIST|2
#565_0|#564|EDGELIST|3
#567|#565|BOUND|0
#567|#567_1|ORIENTATION|1
#568|#568_0|COORDINATES|0
#570|#570_0|DIRECTIONRATIOS|0
#572|#568|LOCATION|0
#572|#570|AXIS|1
#572|#22|REFDIRECTION|2
#573|#572|POSITION|0
#574|#574_0|BOUNDS|0
#574_0|#567|BOUNDS|0
#574|#573|FACESURFACE|1
#574|#574_2|SAMESENSE|2
#576|#576_0|EDGESTART|0
#576|#576_1|EDGEEND|1
#576|#298|EDGEELEMENT|2
#576|#576_3|ORIENTATION|3
#577|#577_0|EDGESTART|0
#577|#577_1|EDGEEND|1
#577|#309|EDGEELEMENT|2
#577|#577_3|ORIENTATION|3
#578|#578_0|EDGESTART|0
#578|#578_1|EDGEEND|1
#578|#317|EDGEELEMENT|2
#578|#578_3|ORIENTATION|3
#579|#579_0|EDGESTART|0
#579|#579_1|EDGEEND|1
#579|#281|EDGEELEMENT|2
#579|#579_3|ORIENTATION|3
#580|#580_0|EDGELIST|0
#580_0|#576|EDGELIST|0
#580_0|#577|EDGELIST|1
#580_0|#578|EDGELIST|2
#580_0|#579|EDGELIST|3
#582|#580|BOUND|0
#582|#582_1|ORIENTATION|1
#583|#583_0|COORDINATES|0
#585|#585_0|DIRECTIONRATIOS|0
#587|#587_0|DIRECTIONRATIOS|0
#589|#583|LOCATION|0
#589|#585|AXIS|1
#589|#587|REFDIRECTION|2
#590|#589|POSITION|0
#591|#591_0|BOUNDS|0
#591_0|#582|BOUNDS|0
#591|#590|FACESURFACE|1
#591|#591_2|SAMESENSE|2
#593|#593_0|EDGESTART|0
#593|#593_1|EDGEEND|1
#593|#326|EDGEELEMENT|2
#593|#593_3|ORIENTATION|3
#594|#594_0|EDGESTART|0
#594|#594_1|EDGEEND|1
#594|#337|EDGEELEMENT|2
#594|#594_3|ORIENTATION|3
#595|#595_0|EDGESTART|0
#595|#595_1|EDGEEND|1
#595|#343|EDGEELEMENT|2
#595|#595_3|ORIENTATION|3
#596|#596_0|EDGESTART|0
#596|#596_1|EDGEEND|1
#596|#309|EDGEELEMENT|2
#596|#596_3|ORIENTATION|3
#597|#597_0|EDGELIST|0
#597_0|#593|EDGELIST|0
#597_0|#594|EDGELIST|1
#597_0|#595|EDGELIST|2
#597_0|#596|EDGELIST|3
#599|#597|BOUND|0
#599|#599_1|ORIENTATION|1
#600|#600_0|COORDINATES|0
#602|#602_0|DIRECTIONRATIOS|0
#604|#600|LOCATION|0
#604|#602|AXIS|1
#604|#22|REFDIRECTION|2
#605|#604|POSITION|0
#606|#606_0|BOUNDS|0
#606_0|#599|BOUNDS|0
#606|#605|FACESURFACE|1
#606|#606_2|SAMESENSE|2
#608|#608_0|EDGESTART|0
#608|#608_1|EDGEEND|1
#608|#354|EDGEELEMENT|2
#608|#608_3|ORIENTATION|3
#609|#609_0|EDGESTART|0
#609|#609_1|EDGEEND|1
#609|#365|EDGEELEMENT|2
#609|#609_3|ORIENTATION|3
#610|#610_0|EDGESTART|0
#610|#610_1|EDGEEND|1
#610|#373|EDGEELEMENT|2
#610|#610_3|ORIENTATION|3
#611|#611_0|EDGESTART|0
#611|#611_1|EDGEEND|1
#611|#337|EDGEELEMENT|2
#611|#611_3|ORIENTATION|3
#612|#612_0|EDGELIST|0
#612_0|#608|EDGELIST|0
#612_0|#609|EDGELIST|1
#612_0|#610|EDGELIST|2
#612_0|#611|EDGELIST|3
#614|#612|BOUND|0
#614|#614_1|ORIENTATION|1
#615|#615_0|COORDINATES|0
#617|#617_0|DIRECTIONRATIOS|0
#619|#619_0|DIRECTIONRATIOS|0
#621|#615|LOCATION|0
#621|#617|AXIS|1
#621|#619|REFDIRECTION|2
#622|#621|POSITION|0
#623|#623_0|BOUNDS|0
#623_0|#614|BOUNDS|0
#623|#622|FACESURFACE|1
#623|#623_2|SAMESENSE|2
#625|#625_0|EDGESTART|0
#625|#625_1|EDGEEND|1
#625|#382|EDGEELEMENT|2
#625|#625_3|ORIENTATION|3
#626|#626_0|EDGESTART|0
#626|#626_1|EDGEEND|1
#626|#393|EDGEELEMENT|2
#626|#626_3|ORIENTATION|3
#627|#627_0|EDGESTART|0
#627|#627_1|EDGEEND|1
#627|#399|EDGEELEMENT|2
#627|#627_3|ORIENTATION|3
#628|#628_0|EDGESTART|0
#628|#628_1|EDGEEND|1
#628|#365|EDGEELEMENT|2
#628|#628_3|ORIENTATION|3
#629|#629_0|EDGELIST|0
#629_0|#625|EDGELIST|0
#629_0|#626|EDGELIST|1
#629_0|#627|EDGELIST|2
#629_0|#628|EDGELIST|3
#631|#629|BOUND|0
#631|#631_1|ORIENTATION|1
#632|#632_0|COORDINATES|0
#634|#634_0|DIRECTIONRATIOS|0
#636|#632|LOCATION|0
#636|#634|AXIS|1
#636|#22|REFDIRECTION|2
#637|#636|POSITION|0
#638|#638_0|BOUNDS|0
#638_0|#631|BOUNDS|0
#638|#637|FACESURFACE|1
#638|#638_2|SAMESENSE|2
#640|#640_0|EDGESTART|0
#640|#640_1|EDGEEND|1
#640|#410|EDGEELEMENT|2
#640|#640_3|ORIENTATION|3
#641|#641_0|EDGESTART|0
#641|#641_1|EDGEEND|1
#641|#421|EDGEELEMENT|2
#641|#641_3|ORIENTATION|3
#642|#642_0|EDGESTART|0
#642|#642_1|EDGEEND|1
#642|#429|EDGEELEMENT|2
#642|#642_3|ORIENTATION|3
#643|#643_0|EDGESTART|0
#643|#643_1|EDGEEND|1
#643|#393|EDGEELEMENT|2
#643|#643_3|ORIENTATION|3
#644|#644_0|EDGELIST|0
#644_0|#640|EDGELIST|0
#644_0|#641|EDGELIST|1
#644_0|#642|EDGELIST|2
#644_0|#643|EDGELIST|3
#646|#644|BOUND|0
#646|#646_1|ORIENTATION|1
#647|#647_0|COORDINATES|0
#649|#649_0|DIRECTIONRATIOS|0
#651|#651_0|DIRECTIONRATIOS|0
#653|#647|LOCATION|0
#653|#649|AXIS|1
#653|#651|REFDIRECTION|2
#654|#653|POSITION|0
#655|#655_0|BOUNDS|0
#655_0|#646|BOUNDS|0
#655|#654|FACESURFACE|1
#655|#655_2|SAMESENSE|2
#657|#657_0|EDGESTART|0
#657|#657_1|EDGEEND|1
#657|#438|EDGEELEMENT|2
#657|#657_3|ORIENTATION|3
#658|#658_0|EDGESTART|0
#658|#658_1|EDGEEND|1
#658|#449|EDGEELEMENT|2
#658|#658_3|ORIENTATION|3
#659|#659_0|EDGESTART|0
#659|#659_1|EDGEEND|1
#659|#455|EDGEELEMENT|2
#659|#659_3|ORIENTATION|3
#660|#660_0|EDGESTART|0
#660|#660_1|EDGEEND|1
#660|#421|EDGEELEMENT|2
#660|#660_3|ORIENTATION|3
#661|#661_0|EDGELIST|0
#661_0|#657|EDGELIST|0
#661_0|#658|EDGELIST|1
#661_0|#659|EDGELIST|2
#661_0|#660|EDGELIST|3
#663|#661|BOUND|0
#663|#663_1|ORIENTATION|1
#664|#664_0|COORDINATES|0
#666|#666_0|DIRECTIONRATIOS|0
#668|#664|LOCATION|0
#668|#666|AXIS|1
#668|#20|REFDIRECTION|2
#669|#668|POSITION|0
#670|#670_0|BOUNDS|0
#670_0|#663|BOUNDS|0
#670|#669|FACESURFACE|1
#670|#670_2|SAMESENSE|2
#672|#672_0|EDGESTART|0
#672|#672_1|EDGEEND|1
#672|#466|EDGEELEMENT|2
#672|#672_3|ORIENTATION|3
#673|#673_0|EDGESTART|0
#673|#673_1|EDGEEND|1
#673|#477|EDGEELEMENT|2
#673|#673_3|ORIENTATION|3
#674|#674_0|EDGESTART|0
#674|#674_1|EDGEEND|1
#674|#485|EDGEELEMENT|2
#674|#674_3|ORIENTATION|3
#675|#675_0|EDGESTART|0
#675|#675_1|EDGEEND|1
#675|#449|EDGEELEMENT|2
#675|#675_3|ORIENTATION|3
#676|#676_0|EDGELIST|0
#676_0|#672|EDGELIST|0
#676_0|#673|EDGELIST|1
#676_0|#674|EDGELIST|2
#676_0|#675|EDGELIST|3
#678|#676|BOUND|0
#678|#678_1|ORIENTATION|1
#679|#679_0|COORDINATES|0
#681|#681_0|DIRECTIONRATIOS|0
#683|#683_0|DIRECTIONRATIOS|0
#685|#679|LOCATION|0
#685|#681|AXIS|1
#685|#683|REFDIRECTION|2
#686|#685|POSITION|0
#687|#687_0|BOUNDS|0
#687_0|#678|BOUNDS|0
#687|#686|FACESURFACE|1
#687|#687_2|SAMESENSE|2
#689|#689_0|EDGESTART|0
#689|#689_1|EDGEEND|1
#689|#494|EDGEELEMENT|2
#689|#689_3|ORIENTATION|3
#690|#690_0|EDGESTART|0
#690|#690_1|EDGEEND|1
#690|#505|EDGEELEMENT|2
#690|#690_3|ORIENTATION|3
#691|#691_0|EDGESTART|0
#691|#691_1|EDGEEND|1
#691|#511|EDGEELEMENT|2
#691|#691_3|ORIENTATION|3
#692|#692_0|EDGESTART|0
#692|#692_1|EDGEEND|1
#692|#477|EDGEELEMENT|2
#692|#692_3|ORIENTATION|3
#693|#693_0|EDGELIST|0
#693_0|#689|EDGELIST|0
#693_0|#690|EDGELIST|1
#693_0|#691|EDGELIST|2
#693_0|#692|EDGELIST|3
#695|#693|BOUND|0
#695|#695_1|ORIENTATION|1
#696|#696_0|COORDINATES|0
#698|#698_0|DIRECTIONRATIOS|0
#700|#696|LOCATION|0
#700|#698|AXIS|1
#700|#20|REFDIRECTION|2
#701|#700|POSITION|0
#702|#702_0|BOUNDS|0
#702_0|#695|BOUNDS|0
#702|#701|FACESURFACE|1
#702|#702_2|SAMESENSE|2
#704|#704_0|EDGESTART|0
#704|#704_1|EDGEEND|1
#704|#519|EDGEELEMENT|2
#704|#704_3|ORIENTATION|3
#705|#705_0|EDGESTART|0
#705|#705_1|EDGEEND|1
#705|#231|EDGEELEMENT|2
#705|#705_3|ORIENTATION|3
#706|#706_0|EDGESTART|0
#706|#706_1|EDGEEND|1
#706|#527|EDGEELEMENT|2
#706|#706_3|ORIENTATION|3
#707|#707_0|EDGESTART|0
#707|#707_1|EDGEEND|1
#707|#505|EDGEELEMENT|2
#707|#707_3|ORIENTATION|3
#708|#708_0|EDGELIST|0
#708_0|#704|EDGELIST|0
#708_0|#705|EDGELIST|1
#708_0|#706|EDGELIST|2
#708_0|#707|EDGELIST|3
#710|#708|BOUND|0
#710|#710_1|ORIENTATION|1
#711|#711_0|COORDINATES|0
#713|#713_0|DIRECTIONRATIOS|0
#715|#715_0|DIRECTIONRATIOS|0
#717|#711|LOCATION|0
#717|#713|AXIS|1
#717|#715|REFDIRECTION|2
#718|#717|POSITION|0
#719|#719_0|BOUNDS|0
#719_0|#710|BOUNDS|0
#719|#718|FACESURFACE|1
#719|#719_2|SAMESENSE|2
#721|#721_0|EDGESTART|0
#721|#721_1|EDGEEND|1
#721|#223|EDGEELEMENT|2
#721|#721_3|ORIENTATION|3
#722|#722_0|EDGESTART|0
#722|#722_1|EDGEEND|1
#722|#261|EDGEELEMENT|2
#722|#722_3|ORIENTATION|3
#723|#723_0|EDGESTART|0
#723|#723_1|EDGEEND|1
#723|#287|EDGEELEMENT|2
#723|#723_3|ORIENTATION|3
#724|#724_0|EDGESTART|0
#724|#724_1|EDGEEND|1
#724|#317|EDGEELEMENT|2
#724|#724_3|ORIENTATION|3
#725|#725_0|EDGESTART|0
#725|#725_1|EDGEEND|1
#725|#343|EDGEELEMENT|2
#725|#725_3|ORIENTATION|3
#726|#726_0|EDGESTART|0
#726|#726_1|EDGEEND|1
#726|#373|EDGEELEMENT|2
#726|#726_3|ORIENTATION|3
#727|#727_0|EDGESTART|0
#727|#727_1|EDGEEND|1
#727|#399|EDGEELEMENT|2
#727|#727_3|ORIENTATION|3
#728|#728_0|EDGESTART|0
#728|#728_1|EDGEEND|1
#728|#429|EDGEELEMENT|2
#728|#728_3|ORIENTATION|3
#729|#729_0|EDGESTART|0
#729|#729_1|EDGEEND|1
#729|#455|EDGEELEMENT|2
#729|#729_3|ORIENTATION|3
#730|#730_0|EDGESTART|0
#730|#730_1|EDGEEND|1
#730|#485|EDGEELEMENT|2
#730|#730_3|ORIENTATION|3
#731|#731_0|EDGESTART|0
#731|#731_1|EDGEEND|1
#731|#511|EDGEELEMENT|2
#731|#731_3|ORIENTATION|3
#732|#732_0|EDGESTART|0
#732|#732_1|EDGEEND|1
#732|#527|EDGEELEMENT|2
#732|#732_3|ORIENTATION|3
#733|#733_0|EDGELIST|0
#733_0|#721|EDGELIST|0
#733_0|#722|EDGELIST|1
#733_0|#723|EDGELIST|2
#733_0|#724|EDGELIST|3
#733_0|#725|EDGELIST|4
#733_0|#726|EDGELIST|5
#733_0|#727|EDGELIST|6
#733_0|#728|EDGELIST|7
#733_0|#729|EDGELIST|8
#733_0|#730|EDGELIST|9
#733_0|#731|EDGELIST|10
#733_0|#732|EDGELIST|11
#735|#733|BOUND|0
#735|#735_1|ORIENTATION|1
#736|#736_0|COORDINATES|0
#738|#738_0|DIRECTIONRATIOS|0
#740|#736|LOCATION|0
#740|#738|AXIS|1
#740|#20|REFDIRECTION|2
#741|#740|POSITION|0
#742|#742_0|BOUNDS|0
#742_0|#735|BOUNDS|0
#742|#741|FACESURFACE|1
#742|#742_2|SAMESENSE|2
#744|#744_0|EDGESTART|0
#744|#744_1|EDGEEND|1
#744|#519|EDGEELEMENT|2
#744|#744_3|ORIENTATION|3
#745|#745_0|EDGESTART|0
#745|#745_1|EDGEEND|1
#745|#494|EDGEELEMENT|2
#745|#745_3|ORIENTATION|3
#746|#746_0|EDGESTART|0
#746|#746_1|EDGEEND|1
#746|#466|EDGEELEMENT|2
#746|#746_3|ORIENTATION|3
#747|#747_0|EDGESTART|0
#747|#747_1|EDGEEND|1
#747|#438|EDGEELEMENT|2
#747|#747_3|ORIENTATION|3
#748|#748_0|EDGESTART|0
#748|#748_1|EDGEEND|1
#748|#410|EDGEELEMENT|2
#748|#748_3|ORIENTATION|3
#749|#749_0|EDGESTART|0
#749|#749_1|EDGEEND|1
#749|#382|EDGEELEMENT|2
#749|#749_3|ORIENTATION|3
#750|#750_0|EDGESTART|0
#750|#750_1|EDGEEND|1
#750|#354|EDGEELEMENT|2
#750|#750_3|ORIENTATION|3
#751|#751_0|EDGESTART|0
#751|#751_1|EDGEEND|1
#751|#326|EDGEELEMENT|2
#751|#751_3|ORIENTATION|3
#752|#752_0|EDGESTART|0
#752|#752_1|EDGEEND|1
#752|#298|EDGEELEMENT|2
#752|#752_3|ORIENTATION|3
#753|#753_0|EDGESTART|0
#753|#753_1|EDGEEND|1
#753|#270|EDGEELEMENT|2
#753|#753_3|ORIENTATION|3
#754|#754_0|EDGESTART|0
#754|#754_1|EDGEEND|1
#754|#242|EDGEELEMENT|2
#754|#754_3|ORIENTATION|3
#755|#755_0|EDGESTART|0
#755|#755_1|EDGEEND|1
#755|#203|EDGEELEMENT|2
#755|#755_3|ORIENTATION|3
#756|#756_0|EDGELIST|0
#756_0|#744|EDGELIST|0
#756_0|#745|EDGELIST|1
#756_0|#746|EDGELIST|2
#756_0|#747|EDGELIST|3
#756_0|#748|EDGELIST|4
#756_0|#749|EDGELIST|5
#756_0|#750|EDGELIST|6
#756_0|#751|EDGELIST|7
#756_0|#752|EDGELIST|8
#756_0|#753|EDGELIST|9
#756_0|#754|EDGELIST|10
#756_0|#755|EDGELIST|11
#758|#756|BOUND|0
#758|#758_1|ORIENTATION|1
#759|#759_0|COORDINATES|0
#761|#761_0|DIRECTIONRATIOS|0
#763|#763_0|DIRECTIONRATIOS|0
#765|#759|LOCATION|0
#765|#761|AXIS|1
#765|#763|REFDIRECTION|2
#766|#765|POSITION|0
#767|#767_0|BOUNDS|0
#767_0|#758|BOUNDS|0
#767|#766|FACESURFACE|1
#767|#767_2|SAMESENSE|2
#769|#769_0|CFSFACES|0
#769_0|#541|CFSFACES|0
#769_0|#559|CFSFACES|1
#769_0|#574|CFSFACES|2
#769_0|#591|CFSFACES|3
#769_0|#606|CFSFACES|4
#769_0|#623|CFSFACES|5
#769_0|#638|CFSFACES|6
#769_0|#655|CFSFACES|7
#769_0|#670|CFSFACES|8
#769_0|#687|CFSFACES|9
#769_0|#702|CFSFACES|10
#769_0|#719|CFSFACES|11
#769_0|#742|CFSFACES|12
#769_0|#767|CFSFACES|13
#771|#769|OUTER|0
#772|#120|CONTEXTOFITEMS|0
#772|#772_1|REPRESENTATIONIDENTIFIER|1
#772|#772_2|REPRESENTATIONTYPE|2
#772|#772_3|ITEMS|3
#772_3|#771|ITEMS|0
#779|#6|LOCATION|0
#779|#779_1|AXIS|1
#779|#779_2|REFDIRECTION|2
#780|#779|MAPPINGORIGIN|0
#780|#772|MAPPEDREPRESENTATION|1
#784|#42|OwnerHistory|1
#784|#784_4|APPLICABLEOCCURRENCE|4
#784|#784_5|HASPROPERTYSETS|5
#784_5|#900|HASPROPERTYSETS|0
#784_5|#903|HASPROPERTYSETS|1
#784_5|#911|HASPROPERTYSETS|2
#784_5|#914|HASPROPERTYSETS|3
#784_5|#918|HASPROPERTYSETS|4
#784|#784_6|REPRESENTATIONMAPS|6
#784_6|#780|REPRESENTATIONMAPS|0
#784|#784_7|TAG|7
#784|#784_8|ELEMENTTYPE|8
#784|#784_9|PREDEFINEDTYPE|9
#788|#788_0|NAME|0
#788|#788_1|DESCRIPTION|1
#788|#788_2|CATEGORY|2
#795|#795_0|SOURCE|0
#795|#795_1|EDITION|1
#795|#795_2|EDITIONDATE|2
#795|#795_3|NAME|3
#795|#795_4|DESCRIPTION|4
#795|#795_5|LOCATION|5
#795|#795_6|REFERENCETOKENS|6
#798|#798_0|AXIS1|0
#798|#798_1|AXIS2|1
#798|#6|LOCALORIGIN|2
#798|#798_3|SCALE|3
#798|#798_4|AXIS3|4
#799|#780|MAPPINGSOURCE|0
#799|#798|MAPPINGTARGET|1
#801|#120|CONTEXTOFITEMS|0
#801|#801_1|REPRESENTATIONIDENTIFIER|1
#801|#801_2|REPRESENTATIONTYPE|2
#801|#801_3|ITEMS|3
#801_3|#799|ITEMS|0
#803|#803_0|NAME|0
#803|#803_1|DESCRIPTION|1
#803|#803_2|REPRESENTATIONS|2
#803_2|#801|REPRESENTATIONS|0
#808|#808_0|COORDINATES|0
#810|#810_0|DIRECTIONRATIOS|0
#812|#808|LOCATION|0
#812|#20|AXIS|1
#812|#810|REFDIRECTION|2
#813|#153|PLACEMENTRELTO|0
#813|#812|RELATIVEPLACEMENT|1
#815|#42|OwnerHistory|1
#815|#815_4|OBJECTTYPE|4
#815|#813|OBJECTPLACEMENT|5
#815|#803|REPRESENTATION|6
#815|#815_7|TAG|7
#815|#815_8|PREDEFINEDTYPE|8
#830|#830_0|NAME|0
#830|#830_1|DESCRIPTION|1
#830|#830_2|NOMINALVALUE|2
#830|#830_3|UNIT|3
#831|#831_0|NAME|0
#831|#831_1|DESCRIPTION|1
#831|#831_2|NOMINALVALUE|2
#831|#831_3|UNIT|3
#832|#42|OwnerHistory|1
#832|#832_4|HASPROPERTIES|4
#832_4|#830|HASPROPERTIES|0
#832_4|#831|HASPROPERTIES|1
#836|#42|OwnerHistory|1
#836|#836_4|HASPROPERTIES|4
#836_4|#830|HASPROPERTIES|0
#838|#42|OwnerHistory|1
#838|#838_4|RELATEDOBJECTS|4
#838_4|#815|RELATEDOBJECTS|0
#838|#832|RELATINGPROPERTYDEFINITION|5
#842|#42|OwnerHistory|1
#842|#842_4|RELATEDOBJECTS|4
#842_4|#815|RELATEDOBJECTS|0
#842|#836|RELATINGPROPERTYDEFINITION|5
#845|#845_0|NAME|0
#845|#845_1|DESCRIPTION|1
#845|#845_2|NOMINALVALUE|2
#845|#845_3|UNIT|3
#846|#846_0|NAME|0
#846|#846_1|DESCRIPTION|1
#846|#846_2|NOMINALVALUE|2
#846|#846_3|UNIT|3
#847|#847_0|NAME|0
#847|#847_1|DESCRIPTION|1
#847|#847_2|NOMINALVALUE|2
#847|#847_3|UNIT|3
#848|#848_0|NAME|0
#848|#848_1|DESCRIPTION|1
#848|#848_2|NOMINALVALUE|2
#848|#848_3|UNIT|3
#849|#849_0|NAME|0
#849|#849_1|DESCRIPTION|1
#849|#849_2|NOMINALVALUE|2
#849|#849_3|UNIT|3
#850|#850_0|NAME|0
#850|#850_1|DESCRIPTION|1
#850|#850_2|NOMINALVALUE|2
#850|#850_3|UNIT|3
#851|#851_0|NAME|0
#851|#851_1|DESCRIPTION|1
#851|#851_2|NOMINALVALUE|2
#851|#851_3|UNIT|3
#852|#852_0|NAME|0
#852|#852_1|DESCRIPTION|1
#852|#852_2|NOMINALVALUE|2
#852|#852_3|UNIT|3
#853|#853_0|NAME|0
#853|#853_1|DESCRIPTION|1
#853|#853_2|NOMINALVALUE|2
#853|#853_3|UNIT|3
#854|#854_0|NAME|0
#854|#854_1|DESCRIPTION|1
#854|#854_2|NOMINALVALUE|2
#854|#854_3|UNIT|3
#855|#855_0|NAME|0
#855|#855_1|DESCRIPTION|1
#855|#855_2|NOMINALVALUE|2
#855|#855_3|UNIT|3
#856|#856_0|NAME|0
#856|#856_1|DESCRIPTION|1
#856|#856_2|NOMINALVALUE|2
#856|#856_3|UNIT|3
#857|#857_0|NAME|0
#857|#857_1|DESCRIPTION|1
#857|#857_2|NOMINALVALUE|2
#857|#857_3|UNIT|3
#858|#858_0|NAME|0
#858|#858_1|DESCRIPTION|1
#858|#858_2|NOMINALVALUE|2
#858|#858_3|UNIT|3
#859|#859_0|NAME|0
#859|#859_1|DESCRIPTION|1
#859|#859_2|NOMINALVALUE|2
#859|#859_3|UNIT|3
#860|#860_0|NAME|0
#860|#860_1|DESCRIPTION|1
#860|#860_2|NOMINALVALUE|2
#860|#860_3|UNIT|3
#861|#861_0|NAME|0
#861|#861_1|DESCRIPTION|1
#861|#861_2|NOMINALVALUE|2
#861|#861_3|UNIT|3
#862|#862_0|NAME|0
#862|#862_1|DESCRIPTION|1
#862|#862_2|NOMINALVALUE|2
#862|#862_3|UNIT|3
#863|#863_0|NAME|0
#863|#863_1|DESCRIPTION|1
#863|#863_2|NOMINALVALUE|2
#863|#863_3|UNIT|3
#864|#864_0|NAME|0
#864|#864_1|DESCRIPTION|1
#864|#864_2|NOMINALVALUE|2
#864|#864_3|UNIT|3
#865|#42|OwnerHistory|1
#865|#865_4|HASPROPERTIES|4
#865_4|#845|HASPROPERTIES|0
#868|#42|OwnerHistory|1
#868|#868_4|RELATEDOBJECTS|4
#868_4|#815|RELATEDOBJECTS|0
#868|#865|RELATINGPROPERTYDEFINITION|5
#871|#42|OwnerHistory|1
#871|#871_4|HASPROPERTIES|4
#871_4|#846|HASPROPERTIES|0
#874|#42|OwnerHistory|1
#874|#874_4|RELATEDOBJECTS|4
#874_4|#815|RELATEDOBJECTS|0
#874|#871|RELATINGPROPERTYDEFINITION|5
#877|#42|OwnerHistory|1
#877|#877_4|HASPROPERTIES|4
#877_4|#848|HASPROPERTIES|0
#877_4|#849|HASPROPERTIES|1
#881|#42|OwnerHistory|1
#881|#881_4|RELATEDOBJECTS|4
#881_4|#815|RELATEDOBJECTS|0
#881|#877|RELATINGPROPERTYDEFINITION|5
#884|#42|OwnerHistory|1
#884|#884_4|HASPROPERTIES|4
#884_4|#850|HASPROPERTIES|0
#884_4|#851|HASPROPERTIES|1
#884_4|#852|HASPROPERTIES|2
#884_4|#853|HASPROPERTIES|3
#884_4|#854|HASPROPERTIES|4
#891|#42|OwnerHistory|1
#891|#891_4|RELATEDOBJECTS|4
#891_4|#815|RELATEDOBJECTS|0
#891|#884|RELATINGPROPERTYDEFINITION|5
#894|#42|OwnerHistory|1
#894|#894_4|HASPROPERTIES|4
#894_4|#847|HASPROPERTIES|0
#897|#42|OwnerHistory|1
#897|#897_4|RELATEDOBJECTS|4
#897_4|#815|RELATEDOBJECTS|0
#897|#894|RELATINGPROPERTYDEFINITION|5
#900|#42|OwnerHistory|1
#900|#900_4|HASPROPERTIES|4
#900_4|#857|HASPROPERTIES|0
#903|#42|OwnerHistory|1
#903|#903_4|HASPROPERTIES|4
#903_4|#858|HASPROPERTIES|0
#903_4|#859|HASPROPERTIES|1
#903_4|#860|HASPROPERTIES|2
#903_4|#861|HASPROPERTIES|3
#903_4|#862|HASPROPERTIES|4
#903_4|#863|HASPROPERTIES|5
#911|#42|OwnerHistory|1
#911|#911_4|HASPROPERTIES|4
#911_4|#850|HASPROPERTIES|0
#911_4|#864|HASPROPERTIES|1
#914|#42|OwnerHistory|1
#914|#914_4|HASPROPERTIES|4
#914_4|#855|HASPROPERTIES|0
#914_4|#856|HASPROPERTIES|1
#918|#42|OwnerHistory|1
#918|#918_4|HASPROPERTIES|4
#918_4|#831|HASPROPERTIES|0
#926|#6|LOCATION|0
#926|#926_1|AXIS|1
#926|#926_2|REFDIRECTION|2
#1182|#42|OwnerHistory|1
#1182|#1182_4|RELATEDOBJECTS|4
#1182_4|#155|RELATEDOBJECTS|0
#1182|#1108|RELATINGPROPERTYDEFINITION|5
#928|#928_0|COORDINATES|0
#930|#928|LOCATION|0
#930|#24|REFDIRECTION|1
#931|#931_0|PROFILETYPE|0
#931|#931_1|PROFILENAME|1
#931|#930|POSITION|2
#931|#931_3|RADIUS|3
#934|#6|LOCATION|0
#934|#934_1|AXIS|1
#934|#934_2|REFDIRECTION|2
#935|#931|SWEPTAREA|0
#935|#934|POSITION|1
#935|#20|EXTRUDEDDIRECTION|2
#935|#935_3|DEPTH|3
#936|#120|CONTEXTOFITEMS|0
#936|#936_1|REPRESENTATIONIDENTIFIER|1
#936|#936_2|REPRESENTATIONTYPE|2
#936|#936_3|ITEMS|3
#936_3|#935|ITEMS|0
#938|#6|LOCATION|0
#938|#938_1|AXIS|1
#938|#938_2|REFDIRECTION|2
#939|#938|MAPPINGORIGIN|0
#939|#936|MAPPEDREPRESENTATION|1
#941|#42|OwnerHistory|1
#941|#941_4|APPLICABLEOCCURRENCE|4
#941|#941_5|HASPROPERTYSETS|5
#941_5|#1021|HASPROPERTYSETS|0
#941_5|#1023|HASPROPERTYSETS|1
#941_5|#1026|HASPROPERTYSETS|2
#941_5|#1029|HASPROPERTYSETS|3
#941|#941_6|REPRESENTATIONMAPS|6
#941_6|#939|REPRESENTATIONMAPS|0
#941|#941_7|TAG|7
#941|#941_8|ELEMENTTYPE|8
#941|#941_9|PREDEFINEDTYPE|9
#943|#939|MAPPINGSOURCE|0
#943|#798|MAPPINGTARGET|1
#945|#120|CONTEXTOFITEMS|0
#945|#945_1|REPRESENTATIONIDENTIFIER|1
#945|#945_2|REPRESENTATIONTYPE|2
#945|#945_3|ITEMS|3
#945_3|#943|ITEMS|0
#947|#947_0|NAME|0
#947|#947_1|DESCRIPTION|1
#947|#947_2|REPRESENTATIONS|2
#947_2|#945|REPRESENTATIONS|0
#950|#950_0|COORDINATES|0
#952|#952_0|DIRECTIONRATIOS|0
#954|#954_0|DIRECTIONRATIOS|0
#956|#950|LOCATION|0
#956|#952|AXIS|1
#956|#954|REFDIRECTION|2
#957|#153|PLACEMENTRELTO|0
#957|#956|RELATIVEPLACEMENT|1
#958|#42|OwnerHistory|1
#958|#958_4|OBJECTTYPE|4
#958|#957|OBJECTPLACEMENT|5
#958|#947|REPRESENTATION|6
#958|#958_7|TAG|7
#958|#958_8|PREDEFINEDTYPE|8
#961|#961_0|NAME|0
#961|#961_1|DESCRIPTION|1
#961|#961_2|NOMINALVALUE|2
#961|#961_3|UNIT|3
#962|#42|OwnerHistory|1
#962|#962_4|HASPROPERTIES|4
#962_4|#831|HASPROPERTIES|0
#962_4|#961|HASPROPERTIES|1
#965|#42|OwnerHistory|1
#965|#965_4|HASPROPERTIES|4
#965_4|#961|HASPROPERTIES|0
#967|#42|OwnerHistory|1
#967|#967_4|RELATEDOBJECTS|4
#967_4|#958|RELATEDOBJECTS|0
#967|#962|RELATINGPROPERTYDEFINITION|5
#971|#42|OwnerHistory|1
#971|#971_4|RELATEDOBJECTS|4
#971_4|#958|RELATEDOBJECTS|0
#971|#965|RELATINGPROPERTYDEFINITION|5
#974|#974_0|NAME|0
#974|#974_1|DESCRIPTION|1
#974|#974_2|NOMINALVALUE|2
#974|#974_3|UNIT|3
#975|#975_0|NAME|0
#975|#975_1|DESCRIPTION|1
#975|#975_2|NOMINALVALUE|2
#975|#975_3|UNIT|3
#976|#976_0|NAME|0
#976|#976_1|DESCRIPTION|1
#976|#976_2|NOMINALVALUE|2
#976|#976_3|UNIT|3
#977|#977_0|NAME|0
#977|#977_1|DESCRIPTION|1
#977|#977_2|NOMINALVALUE|2
#977|#977_3|UNIT|3
#978|#978_0|NAME|0
#978|#978_1|DESCRIPTION|1
#978|#978_2|NOMINALVALUE|2
#978|#978_3|UNIT|3
#979|#979_0|NAME|0
#979|#979_1|DESCRIPTION|1
#979|#979_2|NOMINALVALUE|2
#979|#979_3|UNIT|3
#980|#980_0|NAME|0
#980|#980_1|DESCRIPTION|1
#980|#980_2|NOMINALVALUE|2
#980|#980_3|UNIT|3
#981|#981_0|NAME|0
#981|#981_1|DESCRIPTION|1
#981|#981_2|NOMINALVALUE|2
#981|#981_3|UNIT|3
#982|#982_0|NAME|0
#982|#982_1|DESCRIPTION|1
#982|#982_2|NOMINALVALUE|2
#982|#982_3|UNIT|3
#983|#983_0|NAME|0
#983|#983_1|DESCRIPTION|1
#983|#983_2|NOMINALVALUE|2
#983|#983_3|UNIT|3
#984|#984_0|NAME|0
#984|#984_1|DESCRIPTION|1
#984|#984_2|NOMINALVALUE|2
#984|#984_3|UNIT|3
#985|#985_0|NAME|0
#985|#985_1|DESCRIPTION|1
#985|#985_2|NOMINALVALUE|2
#985|#985_3|UNIT|3
#986|#42|OwnerHistory|1
#986|#986_4|HASPROPERTIES|4
#986_4|#846|HASPROPERTIES|0
#986_4|#974|HASPROPERTIES|1
#986_4|#975|HASPROPERTIES|2
#986_4|#976|HASPROPERTIES|3
#991|#42|OwnerHistory|1
#991|#991_4|RELATEDOBJECTS|4
#991_4|#958|RELATEDOBJECTS|0
#991|#986|RELATINGPROPERTYDEFINITION|5
#994|#42|OwnerHistory|1
#994|#994_4|HASPROPERTIES|4
#994_4|#977|HASPROPERTIES|0
#994_4|#978|HASPROPERTIES|1
#998|#42|OwnerHistory|1
#998|#998_4|RELATEDOBJECTS|4
#998_4|#958|RELATEDOBJECTS|0
#998|#994|RELATINGPROPERTYDEFINITION|5
#1001|#42|OwnerHistory|1
#1001|#1001_4|HASPROPERTIES|4
#1001_4|#979|HASPROPERTIES|0
#1004|#42|OwnerHistory|1
#1004|#1004_4|RELATEDOBJECTS|4
#1004_4|#958|RELATEDOBJECTS|0
#1004|#1001|RELATINGPROPERTYDEFINITION|5
#1007|#42|OwnerHistory|1
#1007|#1007_4|HASPROPERTIES|4
#1007_4|#850|HASPROPERTIES|0
#1007_4|#980|HASPROPERTIES|1
#1007_4|#981|HASPROPERTIES|2
#1007_4|#982|HASPROPERTIES|3
#1007_4|#983|HASPROPERTIES|4
#1013|#42|OwnerHistory|1
#1013|#1013_4|RELATEDOBJECTS|4
#1013_4|#958|RELATEDOBJECTS|0
#1013|#1007|RELATINGPROPERTYDEFINITION|5
#1016|#42|OwnerHistory|1
#1016|#1016_4|HASPROPERTIES|4
#1016_4|#847|HASPROPERTIES|0
#1018|#42|OwnerHistory|1
#1018|#1018_4|RELATEDOBJECTS|4
#1018_4|#958|RELATEDOBJECTS|0
#1018|#1016|RELATINGPROPERTYDEFINITION|5
#1021|#42|OwnerHistory|1
#1021|#1021_4|HASPROPERTIES|4
#1021_4|#857|HASPROPERTIES|0
#1023|#42|OwnerHistory|1
#1023|#1023_4|HASPROPERTIES|4
#1023_4|#858|HASPROPERTIES|0
#1023_4|#859|HASPROPERTIES|1
#1023_4|#860|HASPROPERTIES|2
#1023_4|#861|HASPROPERTIES|3
#1023_4|#862|HASPROPERTIES|4
#1023_4|#984|HASPROPERTIES|5
#1026|#42|OwnerHistory|1
#1026|#1026_4|HASPROPERTIES|4
#1026_4|#850|HASPROPERTIES|0
#1026_4|#985|HASPROPERTIES|1
#1029|#42|OwnerHistory|1
#1029|#1029_4|HASPROPERTIES|4
#1029_4|#831|HASPROPERTIES|0
#1037|#1037_0|NAME|0
#1037|#1037_1|DESCRIPTION|1
#1037|#1037_2|NOMINALVALUE|2
#1037|#1037_3|UNIT|3
#1038|#1038_0|NAME|0
#1038|#1038_1|DESCRIPTION|1
#1038|#1038_2|NOMINALVALUE|2
#1038|#1038_3|UNIT|3
#1039|#42|OwnerHistory|1
#1039|#1039_4|HASPROPERTIES|4
#1039_4|#1037|HASPROPERTIES|0
#1039_4|#1038|HASPROPERTIES|1
#1043|#42|OwnerHistory|1
#1043|#1043_4|RELATEDOBJECTS|4
#1043_4|#155|RELATEDOBJECTS|0
#1043|#1039|RELATINGPROPERTYDEFINITION|5
#1047|#1047_0|NAME|0
#1047|#1047_1|DESCRIPTION|1
#1047|#1047_2|NOMINALVALUE|2
#1047|#1047_3|UNIT|3
#1048|#1048_0|NAME|0
#1048|#1048_1|DESCRIPTION|1
#1048|#1048_2|NOMINALVALUE|2
#1048|#1048_3|UNIT|3
#1049|#1049_0|NAME|0
#1049|#1049_1|DESCRIPTION|1
#1049|#1049_2|NOMINALVALUE|2
#1049|#1049_3|UNIT|3
#1050|#1050_0|NAME|0
#1050|#1050_1|DESCRIPTION|1
#1050|#1050_2|NOMINALVALUE|2
#1050|#1050_3|UNIT|3
#1051|#1051_0|NAME|0
#1051|#1051_1|DESCRIPTION|1
#1051|#1051_2|NOMINALVALUE|2
#1051|#1051_3|UNIT|3
#1052|#1052_0|NAME|0
#1052|#1052_1|DESCRIPTION|1
#1052|#1052_2|NOMINALVALUE|2
#1052|#1052_3|UNIT|3
#1053|#1053_0|NAME|0
#1053|#1053_1|DESCRIPTION|1
#1053|#1053_2|NOMINALVALUE|2
#1053|#1053_3|UNIT|3
#1054|#1054_0|NAME|0
#1054|#1054_1|DESCRIPTION|1
#1054|#1054_2|NOMINALVALUE|2
#1054|#1054_3|UNIT|3
#1055|#1055_0|NAME|0
#1055|#1055_1|DESCRIPTION|1
#1055|#1055_2|NOMINALVALUE|2
#1055|#1055_3|UNIT|3
#1056|#1056_0|NAME|0
#1056|#1056_1|DESCRIPTION|1
#1056|#1056_2|NOMINALVALUE|2
#1056|#1056_3|UNIT|3
#1057|#1057_0|NAME|0
#1057|#1057_1|DESCRIPTION|1
#1057|#1057_2|NOMINALVALUE|2
#1057|#1057_3|UNIT|3
#1058|#1058_0|NAME|0
#1058|#1058_1|DESCRIPTION|1
#1058|#1058_2|NOMINALVALUE|2
#1058|#1058_3|UNIT|3
#1059|#1059_0|NAME|0
#1059|#1059_1|DESCRIPTION|1
#1059|#1059_2|NOMINALVALUE|2
#1059|#1059_3|UNIT|3
#1060|#1060_0|NAME|0
#1060|#1060_1|DESCRIPTION|1
#1060|#1060_2|NOMINALVALUE|2
#1060|#1060_3|UNIT|3
#1061|#1061_0|NAME|0
#1061|#1061_1|DESCRIPTION|1
#1061|#1061_2|NOMINALVALUE|2
#1061|#1061_3|UNIT|3
#1062|#1062_0|NAME|0
#1062|#1062_1|DESCRIPTION|1
#1062|#1062_2|NOMINALVALUE|2
#1062|#1062_3|UNIT|3
#1063|#1063_0|NAME|0
#1063|#1063_1|DESCRIPTION|1
#1063|#1063_2|NOMINALVALUE|2
#1063|#1063_3|UNIT|3
#1064|#1064_0|NAME|0
#1064|#1064_1|DESCRIPTION|1
#1064|#1064_2|NOMINALVALUE|2
#1064|#1064_3|UNIT|3
#1065|#42|OwnerHistory|1
#1065|#1065_4|HASPROPERTIES|4
#1065_4|#1047|HASPROPERTIES|0
#1068|#42|OwnerHistory|1
#1068|#1068_4|RELATEDOBJECTS|4
#1068_4|#155|RELATEDOBJECTS|0
#1068|#1065|RELATINGPROPERTYDEFINITION|5
#1071|#42|OwnerHistory|1
#1071|#1071_4|HASPROPERTIES|4
#1071_4|#1048|HASPROPERTIES|0
#1074|#42|OwnerHistory|1
#1074|#1074_4|RELATEDOBJECTS|4
#1074_4|#155|RELATEDOBJECTS|0
#1074|#1071|RELATINGPROPERTYDEFINITION|5
#1077|#42|OwnerHistory|1
#1077|#1077_4|HASPROPERTIES|4
#1077_4|#1049|HASPROPERTIES|0
#1077_4|#1050|HASPROPERTIES|1
#1077_4|#1051|HASPROPERTIES|2
#1082|#42|OwnerHistory|1
#1082|#1082_4|RELATEDOBJECTS|4
#1082_4|#155|RELATEDOBJECTS|0
#1082|#1077|RELATINGPROPERTYDEFINITION|5
#1085|#42|OwnerHistory|1
#1085|#1085_4|HASPROPERTIES|4
#1085_4|#1052|HASPROPERTIES|0
#1085_4|#1053|HASPROPERTIES|1
#1085_4|#1054|HASPROPERTIES|2
#1085_4|#1055|HASPROPERTIES|3
#1085_4|#1056|HASPROPERTIES|4
#1092|#42|OwnerHistory|1
#1092|#1092_4|RELATEDOBJECTS|4
#1092_4|#155|RELATEDOBJECTS|0
#1092|#1085|RELATINGPROPERTYDEFINITION|5
#1095|#42|OwnerHistory|1
#1095|#1095_4|HASPROPERTIES|4
#1095_4|#1057|HASPROPERTIES|0
#1098|#42|OwnerHistory|1
#1098|#1098_4|HASPROPERTIES|4
#1098_4|#1058|HASPROPERTIES|0
#1098_4|#1059|HASPROPERTIES|1
#1098_4|#1060|HASPROPERTIES|2
#1098_4|#1061|HASPROPERTIES|3
#1098_4|#1062|HASPROPERTIES|4
#1105|#42|OwnerHistory|1
#1105|#1105_4|HASPROPERTIES|4
#1105_4|#1063|HASPROPERTIES|0
#1108|#42|OwnerHistory|1
#1108|#1108_4|HASPROPERTIES|4
#1108_4|#1052|HASPROPERTIES|0
#1108_4|#1064|HASPROPERTIES|1
#1111|#42|OwnerHistory|1
#1111|#1111_4|RELATEDELEMENTS|4
#1111_4|#815|RELATEDELEMENTS|0
#1111_4|#958|RELATEDELEMENTS|1
#1111|#155|RELATINGSTRUCTURE|5
#1116|#42|OwnerHistory|1
#1116|#127|RELATINGOBJECT|4
#1116|#1116_5|RELATEDOBJECTS|5
#1116_5|#159|RELATEDOBJECTS|0
#1120|#42|OwnerHistory|1
#1120|#159|RELATINGOBJECT|4
#1120|#1120_5|RELATEDOBJECTS|5
#1120_5|#142|RELATEDOBJECTS|0
#1124|#42|OwnerHistory|1
#1124|#142|RELATINGOBJECT|4
#1124|#1124_5|RELATEDOBJECTS|5
#1124_5|#155|RELATEDOBJECTS|0
#1128|#1128_0|NAME|0
#1128|#1128_1|DESCRIPTION|1
#1128|#1128_2|NOMINALVALUE|2
#1128|#1128_3|UNIT|3
#1129|#1129_0|NAME|0
#1129|#1129_1|DESCRIPTION|1
#1129|#1129_2|NOMINALVALUE|2
#1129|#1129_3|UNIT|3
#1130|#42|OwnerHistory|1
#1130|#1130_4|HASPROPERTIES|4
#1130_4|#163|HASPROPERTIES|0
#1130_4|#1128|HASPROPERTIES|1
#1130_4|#1129|HASPROPERTIES|2
#1134|#42|OwnerHistory|1
#1134|#1134_4|HASPROPERTIES|4
#1134_4|#163|HASPROPERTIES|0
#1134_4|#831|HASPROPERTIES|1
#1136|#42|OwnerHistory|1
#1136|#1136_4|HASPROPERTIES|4
#1136_4|#163|HASPROPERTIES|0
#1136_4|#1038|HASPROPERTIES|1
#1138|#42|OwnerHistory|1
#1138|#1138_4|HASPROPERTIES|4
#1138_4|#163|HASPROPERTIES|0
#1140|#42|OwnerHistory|1
#1140|#1140_4|RELATEDOBJECTS|4
#1140_4|#142|RELATEDOBJECTS|0
#1140|#1130|RELATINGPROPERTYDEFINITION|5
#1144|#42|OwnerHistory|1
#1144|#1144_4|RELATEDOBJECTS|4
#1144_4|#142|RELATEDOBJECTS|0
#1144|#1134|RELATINGPROPERTYDEFINITION|5
#1147|#42|OwnerHistory|1
#1147|#1147_4|RELATEDOBJECTS|4
#1147_4|#142|RELATEDOBJECTS|0
#1147|#1136|RELATINGPROPERTYDEFINITION|5
#1150|#42|OwnerHistory|1
#1150|#1150_4|RELATEDOBJECTS|4
#1150_4|#142|RELATEDOBJECTS|0
#1150|#1138|RELATINGPROPERTYDEFINITION|5
#1153|#42|OwnerHistory|1
#1153|#1153_4|HASPROPERTIES|4
#1153_4|#183|HASPROPERTIES|0
#1155|#42|OwnerHistory|1
#1155|#1155_4|RELATEDOBJECTS|4
#1155_4|#142|RELATEDOBJECTS|0
#1155|#1153|RELATINGPROPERTYDEFINITION|5
#1158|#42|OwnerHistory|1
#1158|#1158_4|RELATEDOBJECTS|4
#1158_4|#784|RELATEDOBJECTS|0
#1158_4|#815|RELATEDOBJECTS|1
#1158_4|#941|RELATEDOBJECTS|2
#1158_4|#958|RELATEDOBJECTS|3
#1158|#788|RELATINGMATERIAL|5
#1165|#42|OwnerHistory|1
#1165|#1165_4|RELATEDOBJECTS|4
#1165_4|#815|RELATEDOBJECTS|0
#1165|#784|RELATINGTYPE|5
#1169|#42|OwnerHistory|1
#1169|#1169_4|RELATEDOBJECTS|4
#1169_4|#958|RELATEDOBJECTS|0
#1169|#941|RELATINGTYPE|5
#1173|#42|OwnerHistory|1
#1173|#1173_4|RELATEDOBJECTS|4
#1173_4|#155|RELATEDOBJECTS|0
#1173|#1095|RELATINGPROPERTYDEFINITION|5
#1176|#42|OwnerHistory|1
#1176|#1176_4|RELATEDOBJECTS|4
#1176_4|#155|RELATEDOBJECTS|0
#1176|#1098|RELATINGPROPERTYDEFINITION|5
#1179|#42|OwnerHistory|1
#1179|#1179_4|RELATEDOBJECTS|4
#1179_4|#155|RELATEDOBJECTS|0
#1179|#1105|RELATINGPROPERTYDEFINITION|5
